{"Dec30_01-36-06_songjie803/1609263366.4026246/global_step": 0, "_timestamp": 1609301780.4526818, "global_step": 5000, "Dec30_01-36-06_songjie803/1609263366.4057982/global_step": 0, "Dec30_01-36-06_songjie803/1609263366.4078953/global_step": 0, "evaluation/scores_min": -0.8100320100784302, "evaluation/scores_max": -0.03735325485467911, "evaluation/scores_mean": -0.41198718547821045, "evaluation/scores_std": 0.2577036917209625, "evaluation/completions_min": 0.20000000298023224, "evaluation/completions_max": 1.0, "evaluation/completions_mean": 0.6079999804496765, "evaluation/completions_std": 0.2682088613510132, "evaluation/nb_steps_min": 46.0, "evaluation/nb_steps_max": 935.0, "evaluation/nb_steps_mean": 829.0399780273438, "evaluation/nb_steps_std": 286.946044921875, "evaluation/smoothed_score": -0.39807185530662537, "evaluation/smoothed_completion": 0.6235424280166626, "training/score": -0.4514407813549042, "training/smoothed_score": -0.2706189453601837, "training/completion": 0.6000000238418579, "training/smoothed_completion": 0.7856055498123169, "training/nb_steps": 935.0, "actions/nothing": 0.01342281885445118, "actions/left": 0.3959731459617615, "actions/forward": 0.3724832236766815, "actions/right": 0.21476510167121887, "actions/stop": 0.003355704713612795, "training/epsilon": 0.009999999776482582, "training/buffer_size": 100000.0, "training/loss": 50.062557220458984, "timer/reset": 0.6594071388244629, "timer/step": 7.83581018447876, "timer/learn": 0.4855972230434418, "timer/preproc": 0.9456531405448914, "timer/total": 38414.04296875, "_step": 5000}