{"Dec30_00-39-55_songjie803/1609259995.388128/global_step": 0, "_timestamp": 1609261397.7626348, "global_step": 101, "Dec30_00-39-55_songjie803/1609259995.39105/global_step": 0, "Dec30_00-39-55_songjie803/1609259995.393211/global_step": 0, "evaluation/scores_min": -0.9976190328598022, "evaluation/scores_max": -0.08476190268993378, "evaluation/scores_mean": -0.6141714453697205, "evaluation/scores_std": 0.2403203248977661, "evaluation/completions_min": 0.0, "evaluation/completions_max": 1.0, "evaluation/completions_mean": 0.4399999976158142, "evaluation/completions_std": 0.277128130197525, "evaluation/nb_steps_min": 41.0, "evaluation/nb_steps_max": 418.0, "evaluation/nb_steps_mean": 391.20001220703125, "evaluation/nb_steps_std": 91.65631103515625, "evaluation/smoothed_score": -0.96120285987854, "evaluation/smoothed_completion": 0.04399999976158142, "training/score": -0.9976190328598022, "training/smoothed_score": -0.8572320938110352, "training/completion": 0.0, "training/smoothed_completion": 0.18813727796077728, "training/nb_steps": 418.0, "actions/nothing": 0.18644067645072937, "actions/left": 0.4203389883041382, "actions/forward": 0.06440678238868713, "actions/right": 0.15932203829288483, "actions/stop": 0.16949152946472168, "training/epsilon": 0.35874828696250916, "training/buffer_size": 39166.0, "training/loss": 0.03464088588953018, "timer/reset": 0.11861066520214081, "timer/step": 10.776854515075684, "timer/learn": 0.43071448802948, "timer/preproc": 0.6267976760864258, "timer/total": 1402.367431640625, "_step": 101}