{"Dec29_13-26-05_songjie803/1609219565.7639065/global_step": 0, "_timestamp": 1609220394.1616704, "global_step": 50, "Dec29_13-26-05_songjie803/1609219565.766501/global_step": 0, "Dec29_13-26-05_songjie803/1609219565.7684567/global_step": 0, "evaluation/scores_min": -0.9976190328598022, "evaluation/scores_max": -0.29571428894996643, "evaluation/scores_mean": -0.9131619334220886, "evaluation/scores_std": 0.16682039201259613, "evaluation/completions_min": 0.0, "evaluation/completions_max": 0.800000011920929, "evaluation/completions_mean": 0.09600000083446503, "evaluation/completions_std": 0.18863721191883087, "evaluation/nb_steps_min": 418.0, "evaluation/nb_steps_max": 418.0, "evaluation/nb_steps_mean": 418.0, "evaluation/nb_steps_std": 0.0, "evaluation/smoothed_score": -0.9913161993026733, "evaluation/smoothed_completion": 0.009600000455975533, "training/score": -0.6957142949104309, "training/smoothed_score": -0.9237949848175049, "training/completion": 0.4000000059604645, "training/smoothed_completion": 0.10194212943315506, "training/nb_steps": 418.0, "actions/nothing": 0.1317647099494934, "actions/left": 0.169411763548851, "actions/forward": 0.30588236451148987, "actions/right": 0.23764705657958984, "actions/stop": 0.15529412031173706, "training/epsilon": 0.5989559888839722, "training/buffer_size": 24287.0, "training/loss": 0.012378216721117496, "timer/reset": 0.15022192895412445, "timer/step": 7.177820205688477, "timer/learn": 2.6325557231903076, "timer/preproc": 0.399238646030426, "timer/total": 828.391357421875, "_step": 50}