{"Dec30_01-29-01_songjie803/1609262941.959906/global_step": 0, "_timestamp": 1609263260.1111057, "global_step": 3, "Dec30_01-29-01_songjie803/1609262941.9625494/global_step": 0, "Dec30_01-29-01_songjie803/1609262941.9644663/global_step": 0, "evaluation/scores_min": -0.9976190328598022, "evaluation/scores_max": -0.9976190328598022, "evaluation/scores_mean": -0.9976190328598022, "evaluation/scores_std": 0.0, "evaluation/completions_min": 0.0, "evaluation/completions_max": 0.0, "evaluation/completions_mean": 0.0, "evaluation/completions_std": 0.0, "evaluation/nb_steps_min": 418.0, "evaluation/nb_steps_max": 418.0, "evaluation/nb_steps_mean": 418.0, "evaluation/nb_steps_std": 0.0, "evaluation/smoothed_score": -0.9997618794441223, "evaluation/smoothed_completion": 0.0, "training/score": -0.9976190328598022, "training/smoothed_score": -0.9922800660133362, "training/completion": 0.0, "training/smoothed_completion": 0.009801000356674194, "training/nb_steps": 418.0, "actions/nothing": 0.23003195226192474, "actions/left": 0.21725240349769592, "actions/forward": 0.21725240349769592, "actions/right": 0.15015974640846252, "actions/stop": 0.18530350923538208, "training/epsilon": 0.9605960249900818, "training/buffer_size": 1310.0, "training/loss": 0.013118665665388107, "timer/reset": 0.1387447863817215, "timer/step": 7.467677593231201, "timer/learn": 0.35182398557662964, "timer/preproc": 0.5076950192451477, "timer/total": 318.1449890136719, "_step": 3}