{"Dec30_00-38-33_songjie803/1609259913.62993/global_step": 0, "_timestamp": 1609261598.6579494, "global_step": 89, "Dec30_00-38-33_songjie803/1609259913.63271/global_step": 0, "Dec30_00-38-33_songjie803/1609259913.6347692/global_step": 0, "evaluation/scores_min": -0.9989327788352966, "evaluation/scores_max": -0.7997865676879883, "evaluation/scores_mean": -0.9909669160842896, "evaluation/scores_std": 0.03902452811598778, "evaluation/completions_min": 0.0, "evaluation/completions_max": 0.20000000298023224, "evaluation/completions_mean": 0.00800000037997961, "evaluation/completions_std": 0.039191834628582, "evaluation/nb_steps_min": 935.0, "evaluation/nb_steps_max": 935.0, "evaluation/nb_steps_mean": 935.0, "evaluation/nb_steps_std": 0.0, "evaluation/smoothed_score": -0.999096691608429, "evaluation/smoothed_completion": 0.0007999999797903001, "training/score": -0.4552828073501587, "training/smoothed_score": -0.8483136892318726, "training/completion": 0.6000000238418579, "training/smoothed_completion": 0.185014545917511, "training/nb_steps": 935.0, "actions/nothing": 0.08045977354049683, "actions/left": 0.2742200195789337, "actions/forward": 0.25123152136802673, "actions/right": 0.2610837519168854, "actions/stop": 0.13300491869449615, "training/epsilon": 0.40473195910453796, "training/buffer_size": 100000.0, "training/loss": 0.17903049290180206, "timer/reset": 0.3605077564716339, "timer/step": 6.373735427856445, "timer/learn": 0.8254668712615967, "timer/preproc": 0.6156201958656311, "timer/total": 1685.021240234375, "_step": 89}