{"Dec30_01-34-57_songjie803/1609263297.877855/global_step": 0, "_timestamp": 1609295769.668181, "global_step": 5000, "Dec30_01-34-57_songjie803/1609263297.8805096/global_step": 0, "Dec30_01-34-57_songjie803/1609263297.8825316/global_step": 0, "evaluation/scores_min": -0.9976190328598022, "evaluation/scores_max": -0.09047619253396988, "evaluation/scores_mean": -0.591866672039032, "evaluation/scores_std": 0.3539902865886688, "evaluation/completions_min": 0.0, "evaluation/completions_max": 1.0, "evaluation/completions_mean": 0.47200000286102295, "evaluation/completions_std": 0.41523006558418274, "evaluation/nb_steps_min": 50.0, "evaluation/nb_steps_max": 418.0, "evaluation/nb_steps_mean": 316.760009765625, "evaluation/nb_steps_std": 148.57598876953125, "evaluation/smoothed_score": -0.5235539674758911, "evaluation/smoothed_completion": 0.5514419078826904, "training/score": -0.9976190328598022, "training/smoothed_score": -0.5062512159347534, "training/completion": 0.0, "training/smoothed_completion": 0.57568359375, "training/nb_steps": 418.0, "actions/nothing": 0.2549019753932953, "actions/left": 0.2549019753932953, "actions/forward": 0.09150326997041702, "actions/right": 0.3921568691730499, "actions/stop": 0.006535947788506746, "training/epsilon": 0.009999999776482582, "training/buffer_size": 100000.0, "training/loss": 20.926259994506836, "timer/reset": 0.24392838776111603, "timer/step": 15.00635814666748, "timer/learn": 0.30070585012435913, "timer/preproc": 1.0865195989608765, "timer/total": 32471.783203125, "_step": 5000}