{"Dec30_01-07-24_songjie803/1609261644.5929375/global_step": 0, "_timestamp": 1609262831.4741814, "global_step": 101, "Dec30_01-07-24_songjie803/1609261644.5968745/global_step": 0, "Dec30_01-07-24_songjie803/1609261644.5995727/global_step": 0, "evaluation/scores_min": -0.9976190328598022, "evaluation/scores_max": -0.4595237970352173, "evaluation/scores_mean": -0.8724952340126038, "evaluation/scores_std": 0.14836256206035614, "evaluation/completions_min": 0.0, "evaluation/completions_max": 0.6000000238418579, "evaluation/completions_mean": 0.14399999380111694, "evaluation/completions_std": 0.16511814296245575, "evaluation/nb_steps_min": 418.0, "evaluation/nb_steps_max": 418.0, "evaluation/nb_steps_mean": 418.0, "evaluation/nb_steps_std": 0.0, "evaluation/smoothed_score": -0.9565895199775696, "evaluation/smoothed_completion": 0.05112000182271004, "training/score": -0.9976190328598022, "training/smoothed_score": -0.8276268243789673, "training/completion": 0.0, "training/smoothed_completion": 0.22374576330184937, "training/nb_steps": 418.0, "actions/nothing": 0.36199095845222473, "actions/left": 0.06787330657243729, "actions/forward": 0.11764705926179886, "actions/right": 0.3076923191547394, "actions/stop": 0.14479638636112213, "training/epsilon": 0.35874828696250916, "training/buffer_size": 42556.0, "training/loss": 0.01770324632525444, "timer/reset": 0.12714718282222748, "timer/step": 6.40664529800415, "timer/learn": 0.2783030867576599, "timer/preproc": 0.48212096095085144, "timer/total": 1186.8721923828125, "_step": 101}