{"Dec30_01-10-35_songjie803/1609261835.8509932/global_step": 0, "_timestamp": 1609262135.8751607, "global_step": 2, "Dec30_01-10-35_songjie803/1609261835.8537962/global_step": 0, "Dec30_01-10-35_songjie803/1609261835.855779/global_step": 0, "evaluation/scores_min": -0.9976190328598022, "evaluation/scores_max": -0.6404761672019958, "evaluation/scores_mean": -0.9613142609596252, "evaluation/scores_std": 0.08848150074481964, "evaluation/completions_min": 0.0, "evaluation/completions_max": 0.4000000059604645, "evaluation/completions_mean": 0.03999999910593033, "evaluation/completions_std": 0.0979795902967453, "evaluation/nb_steps_min": 418.0, "evaluation/nb_steps_max": 418.0, "evaluation/nb_steps_mean": 418.0, "evaluation/nb_steps_std": 0.0, "evaluation/smoothed_score": -0.996131420135498, "evaluation/smoothed_completion": 0.004000000189989805, "training/score": -0.9976190328598022, "training/smoothed_score": -0.9963775873184204, "training/completion": 0.0, "training/smoothed_completion": 0.00784080009907484, "training/nb_steps": 418.0, "actions/nothing": 0.1838006228208542, "actions/left": 0.23676012456417084, "actions/forward": 0.17133955657482147, "actions/right": 0.2118380069732666, "actions/stop": 0.1962616890668869, "training/epsilon": 0.9702990055084229, "training/buffer_size": 1512.0, "training/loss": 0.0016474563162773848, "timer/reset": 0.11304015666246414, "timer/step": 6.789870738983154, "timer/learn": 0.3985595405101776, "timer/preproc": 0.543304443359375, "timer/total": 300.0177001953125, "_step": 2}