{"Dec29_23-24-44_songjie803/1609255484.4401925/global_step": 0, "_timestamp": 1609256719.307628, "global_step": 100, "Dec29_23-24-44_songjie803/1609255484.442903/global_step": 0, "Dec29_23-24-44_songjie803/1609255484.4447973/global_step": 0, "evaluation/scores_min": -0.9976190328598022, "evaluation/scores_max": -0.0947619080543518, "evaluation/scores_mean": -0.7155047655105591, "evaluation/scores_std": 0.26918283104896545, "evaluation/completions_min": 0.0, "evaluation/completions_max": 1.0, "evaluation/completions_mean": 0.328000009059906, "evaluation/completions_std": 0.3143501281738281, "evaluation/nb_steps_min": 67.0, "evaluation/nb_steps_max": 418.0, "evaluation/nb_steps_mean": 391.44000244140625, "evaluation/nb_steps_std": 90.22952270507812, "evaluation/smoothed_score": -0.9617550373077393, "evaluation/smoothed_completion": 0.04504000023007393, "training/score": -0.1247619017958641, "training/smoothed_score": -0.8341342806816101, "training/completion": 1.0, "training/smoothed_completion": 0.22339299321174622, "training/nb_steps": 114.0, "actions/nothing": 0.07326007634401321, "actions/left": 0.12820513546466827, "actions/forward": 0.450549453496933, "actions/right": 0.2380952388048172, "actions/stop": 0.10989011079072952, "training/epsilon": 0.3623720109462738, "training/buffer_size": 43647.0, "training/loss": 0.05252848565578461, "timer/reset": 0.26519444584846497, "timer/step": 1.533055305480957, "timer/learn": 0.3406471610069275, "timer/preproc": 0.06918278336524963, "timer/total": 1234.861083984375, "_step": 100}