{"Dec29_20-18-29_songjie803/1609244309.287482/global_step": 0, "_timestamp": 1609246403.7489676, "global_step": 199, "Dec29_20-18-29_songjie803/1609244309.2902322/global_step": 0, "Dec29_20-18-29_songjie803/1609244309.292159/global_step": 0, "evaluation/scores_min": -0.9976190328598022, "evaluation/scores_max": -0.42047619819641113, "evaluation/scores_mean": -0.8969904780387878, "evaluation/scores_std": 0.16752409934997559, "evaluation/completions_min": 0.0, "evaluation/completions_max": 0.6000000238418579, "evaluation/completions_mean": 0.1120000034570694, "evaluation/completions_std": 0.18829762935638428, "evaluation/nb_steps_min": 418.0, "evaluation/nb_steps_max": 418.0, "evaluation/nb_steps_mean": 418.0, "evaluation/nb_steps_std": 0.0, "evaluation/smoothed_score": -0.9894847869873047, "evaluation/smoothed_completion": 0.01119999960064888, "training/score": -0.2266666740179062, "training/smoothed_score": -0.665319561958313, "training/completion": 1.0, "training/smoothed_completion": 0.4388059377670288, "training/nb_steps": 258.0, "actions/nothing": 0.08254717290401459, "actions/left": 0.07075471431016922, "actions/forward": 0.07311321049928665, "actions/right": 0.6415094137191772, "actions/stop": 0.1320754736661911, "training/epsilon": 0.1339796781539917, "training/buffer_size": 81345.0, "training/loss": 0.08824453502893448, "timer/reset": 0.13810034096240997, "timer/step": 2.803471088409424, "timer/learn": 0.5361508727073669, "timer/preproc": 0.14646798372268677, "timer/total": 2094.455078125, "_step": 199}