{"Dec30_01-07-31_songjie803/1609261651.5846293/global_step": 0, "_timestamp": 1609262832.7490396, "global_step": 36, "Dec30_01-07-31_songjie803/1609261651.588346/global_step": 0, "Dec30_01-07-31_songjie803/1609261651.5902998/global_step": 0, "evaluation/scores_min": -0.9989327788352966, "evaluation/scores_max": -0.9989327788352966, "evaluation/scores_mean": -0.9989327788352966, "evaluation/scores_std": 1.1102230246251565e-16, "evaluation/completions_min": 0.0, "evaluation/completions_max": 0.0, "evaluation/completions_mean": 0.0, "evaluation/completions_std": 0.0, "evaluation/nb_steps_min": 935.0, "evaluation/nb_steps_max": 935.0, "evaluation/nb_steps_mean": 935.0, "evaluation/nb_steps_std": 0.0, "evaluation/smoothed_score": -0.9998932480812073, "evaluation/smoothed_completion": 0.0, "training/score": -0.6917822957038879, "training/smoothed_score": -0.958236038684845, "training/completion": 0.4000000059604645, "training/smoothed_completion": 0.053050100803375244, "training/nb_steps": 935.0, "actions/nothing": 0.21120689809322357, "actions/left": 0.21479885280132294, "actions/forward": 0.1573275923728943, "actions/right": 0.1875, "actions/stop": 0.2291666716337204, "training/epsilon": 0.6894490718841553, "training/buffer_size": 56765.0, "training/loss": 0.0008198778377845883, "timer/reset": 0.35513561964035034, "timer/step": 8.827316284179688, "timer/learn": 1.6454576253890991, "timer/preproc": 0.8419972658157349, "timer/total": 1181.1571044921875, "_step": 36}