{"Dec30_01-18-09_songjie803/1609262289.0560756/global_step": 0, "_timestamp": 1609262590.349371, "global_step": 2, "Dec30_01-18-09_songjie803/1609262289.0593884/global_step": 0, "Dec30_01-18-09_songjie803/1609262289.06277/global_step": 0, "evaluation/scores_min": -0.9976190328598022, "evaluation/scores_max": -0.6219047904014587, "evaluation/scores_mean": -0.9675238132476807, "evaluation/scores_std": 0.08705335110425949, "evaluation/completions_min": 0.0, "evaluation/completions_max": 0.4000000059604645, "evaluation/completions_mean": 0.03200000151991844, "evaluation/completions_std": 0.09260669350624084, "evaluation/nb_steps_min": 418.0, "evaluation/nb_steps_max": 418.0, "evaluation/nb_steps_mean": 418.0, "evaluation/nb_steps_std": 0.0, "evaluation/smoothed_score": -0.9967523813247681, "evaluation/smoothed_completion": 0.0031999999191612005, "training/score": -0.8142856955528259, "training/smoothed_score": -0.9932499527931213, "training/completion": 0.20000000298023224, "training/smoothed_completion": 0.011820799671113491, "training/nb_steps": 418.0, "actions/nothing": 0.1989247351884842, "actions/left": 0.2016129046678543, "actions/forward": 0.19354838132858276, "actions/right": 0.20430107414722443, "actions/stop": 0.2016129046678543, "training/epsilon": 0.9702990055084229, "training/buffer_size": 2166.0, "training/loss": 0.011866592802107334, "timer/reset": 0.11757681518793106, "timer/step": 5.440369606018066, "timer/learn": 0.4234142601490021, "timer/preproc": 0.44484108686447144, "timer/total": 301.28387451171875, "_step": 2}