{"Dec30_01-36-16_songjie803/1609263376.715261/global_step": 0, "_timestamp": 1609296038.27412, "global_step": 5000, "Dec30_01-36-16_songjie803/1609263376.7189813/global_step": 0, "Dec30_01-36-16_songjie803/1609263376.7215536/global_step": 0, "evaluation/scores_min": -0.9976190328598022, "evaluation/scores_max": -0.06190476194024086, "evaluation/scores_mean": -0.48539048433303833, "evaluation/scores_std": 0.3504613935947418, "evaluation/completions_min": 0.0, "evaluation/completions_max": 1.0, "evaluation/completions_mean": 0.6079999804496765, "evaluation/completions_std": 0.4175356328487396, "evaluation/nb_steps_min": 37.0, "evaluation/nb_steps_max": 418.0, "evaluation/nb_steps_mean": 273.9599914550781, "evaluation/nb_steps_std": 154.7665252685547, "evaluation/smoothed_score": -0.533952534198761, "evaluation/smoothed_completion": 0.5524241924285889, "training/score": -0.20333333313465118, "training/smoothed_score": -0.5144014954566956, "training/completion": 1.0, "training/smoothed_completion": 0.5728318691253662, "training/nb_steps": 110.0, "actions/nothing": 0.004149377811700106, "actions/left": 0.37759336829185486, "actions/forward": 0.08298755437135696, "actions/right": 0.48547717928886414, "actions/stop": 0.04979253187775612, "training/epsilon": 0.009999999776482582, "training/buffer_size": 100000.0, "training/loss": 9.257730484008789, "timer/reset": 0.2727227210998535, "timer/step": 3.4266252517700195, "timer/learn": 0.46439328789711, "timer/preproc": 0.21101577579975128, "timer/total": 32661.55078125, "_step": 5000}