{"Dec29_20-54-57_songjie803/1609246497.2170343/global_step": 0, "_timestamp": 1609247095.2649958, "global_step": 43, "Dec29_20-54-57_songjie803/1609246497.2203414/global_step": 0, "Dec29_20-54-57_songjie803/1609246497.2228625/global_step": 0, "evaluation/scores_min": -0.9976190328598022, "evaluation/scores_max": -0.48619046807289124, "evaluation/scores_mean": -0.9205142855644226, "evaluation/scores_std": 0.14116501808166504, "evaluation/completions_min": 0.0, "evaluation/completions_max": 0.6000000238418579, "evaluation/completions_mean": 0.09600000083446503, "evaluation/completions_std": 0.17995555698871613, "evaluation/nb_steps_min": 418.0, "evaluation/nb_steps_max": 418.0, "evaluation/nb_steps_mean": 418.0, "evaluation/nb_steps_std": 0.0, "evaluation/smoothed_score": -0.9920514225959778, "evaluation/smoothed_completion": 0.009600000455975533, "training/score": -0.9976190328598022, "training/smoothed_score": -0.920492947101593, "training/completion": 0.0, "training/smoothed_completion": 0.10409744828939438, "training/nb_steps": 418.0, "actions/nothing": 0.1744185984134674, "actions/left": 0.2906976640224457, "actions/forward": 0.08139535039663315, "actions/right": 0.302325576543808, "actions/stop": 0.151162788271904, "training/epsilon": 0.6426116228103638, "training/buffer_size": 21791.0, "training/loss": 0.009842313826084137, "timer/reset": 0.21043898165225983, "timer/step": 5.306875705718994, "timer/learn": 0.11297505348920822, "timer/preproc": 0.5110353827476501, "timer/total": 598.0399169921875, "_step": 43}